{
    "loss": 3.206580638885498,
    "accuracy": 0.7844827771186829
}