{
    "loss": 2.419893741607666,
    "accuracy": 0.7758620977401733
}